ACURA;0;1 год;2 года;3 года;4 года;5 лет;6 лет;7 лет;8 лет
ACURA MDX;5,71%;6,65%;7,02%;7,39%;7,76%;8,13%;9,24%;9,61%;10,35%
ACURA RDX;5,71%;6,65%;7,02%;7,39%;7,76%;8,13%;9,24%;9,61%;10,35%
ACURA ZDX;6,86%;7,98%;8,43%;8,87%;9,31%;9,76%;11,09%;11,53%;12,42%
ALFA ROMEO;0;1 год;2 года;3 года;4 года;5 лет;6 лет;7 лет;8 лет
ALFA ROMEO 147;6,30%;7,33%;7,74%;8,15%;8,55%;8,96%;10,18%;10,59%;11,40%
ALFA ROMEO 159;6,29%;7,32%;7,73%;8,14%;8,54%;8,95%;10,17%;10,58%;11,39%
AUDI;0;1 год;2 года;3 года;4 года;5 лет;6 лет;7 лет;8 лет
AUDI A1;6,51%;7,58%;8,00%;8,42%;8,85%;9,27%;10,53%;10,95%;11,79%
AUDI A2;5,33%;6,20%;6,55%;6,89%;7,24%;7,58%;8,62%;8,96%;9,65%
AUDI A3;6,34%;7,39%;7,80%;8,21%;8,62%;9,03%;10,26%;10,67%;11,49%
AUDI A4;5,18%;6,04%;6,37%;6,71%;7,04%;7,38%;8,38%;8,72%;9,39%
AUDI A5;5,71%;6,65%;7,02%;7,39%;7,76%;8,13%;9,24%;9,61%;10,35%
AUDI A6;4,70%;5,48%;5,78%;6,09%;6,39%;6,69%;7,61%;7,91%;8,52%
AUDI A7;3,81%;4,43%;4,68%;4,93%;5,17%;5,42%;6,16%;6,40%;6,90%
AUDI Q5;4,67%;5,44%;5,74%;6,04%;6,35%;6,65%;7,56%;7,86%;8,46%
BMW;0;1 год;2 года;3 года;4 года;5 лет;6 лет;7 лет;8 лет
BMW 1-series;6,41%;7,46%;7,88%;8,29%;8,70%;9,12%;10,36%;10,78%;11,61%
BMW 3-series;5,91%;6,88%;7,27%;7,65%;8,03%;8,41%;9,56%;9,94%;10,71%
BMW X1;6,20%;7,22%;7,62%;8,02%;8,42%;8,82%;10,03%;10,43%;11,23%
BMW X3;4,74%;5,52%;5,83%;6,14%;6,44%;6,75%;7,67%;7,98%;8,59%
CADILLAC;0;1 год;2 года;3 года;4 года;5 лет;6 лет;7 лет;8 лет
CADILLAC BLS;6,27%;7,30%;7,71%;8,11%;8,52%;8,93%;10,14%;10,55%;11,36%
CADILLAC CTS;5,80%;6,75%;7,13%;7,50%;7,88%;8,25%;9,38%;9,75%;10,51%
CADILLAC ESCALADE;4,90%;5,71%;6,03%;6,34%;6,66%;6,98%;7,93%;8,25%;8,88%
CADILLAC SRX;5,58%;6,50%;6,86%;7,22%;7,59%;7,95%;9,03%;9,39%;10,11%
CADILLAC STS;5,53%;6,44%;6,79%;7,15%;7,51%;7,87%;8,94%;9,30%;10,01%
CHERY;0;1 год;2 года;3 года;4 года;5 лет;6 лет;7 лет;8 лет
CHERY A3;6,27%;7,30%;7,71%;8,11%;8,52%;8,93%;10,14%;10,55%;11,36%
CHERY AMULET;10,69%;12,44%;13,14%;13,83%;14,52%;15,21%;17,28%;17,98%;19,36%
CHERY CrossEastar;8,70%;10,13%;10,70%;11,26%;11,82%;12,39%;14,08%;14,64%;15,77%
CHERY FOR A;6,27%;7,30%;7,71%;8,11%;8,52%;8,93%;10,14%;10,55%;11,36%
CHERY SWEET;6,27%;7,30%;7,71%;8,11%;8,52%;8,93%;10,14%;10,55%;11,36%
CHERY TIGGO;7,93%;9,23%;9,74%;10,26%;10,77%;11,28%;12,82%;13,33%;14,36%
CHEVROLET;0;1 год;2 года;3 года;4 года;5 лет;6 лет;7 лет;8 лет
CHEVROLET AVEO;7,28%;8,48%;8,95%;9,42%;9,89%;10,36%;11,77%;12,24%;13,19%
CHEVROLET CAPTIVA;5,33%;6,20%;6,55%;6,89%;7,24%;7,58%;8,62%;8,96%;9,65%
CHEVROLET CRUZE;7,14%;8,31%;8,77%;9,23%;9,69%;10,16%;11,54%;12,00%;12,93%
CHEVROLET EPICA;7,07%;8,23%;8,69%;9,15%;9,61%;10,06%;11,44%;11,89%;12,81%
CHEVROLET LACETTI;7,69%;8,95%;9,45%;9,95%;10,44%;10,94%;12,43%;12,93%;13,92%
CHEVROLET LANOS;8,00%;9,32%;9,83%;10,35%;10,87%;11,39%;12,94%;13,46%;14,49%
CHEVROLET ORLANDO;5,33%;6,20%;6,55%;6,89%;7,24%;7,58%;8,62%;8,96%;9,65%
CHEVROLET REZZO;5,33%;6,20%;6,55%;6,89%;7,24%;7,58%;8,62%;8,96%;9,65%
CHEVROLET SPARK;8,38%;9,76%;10,30%;10,85%;11,39%;11,93%;13,56%;14,10%;15,19%
CHEVROLET TAHOE;4,80%;5,59%;5,90%;6,21%;6,52%;6,83%;7,76%;8,07%;8,69%
CHEVROLET TRAILBLAZER;5,57%;6,48%;6,84%;7,20%;7,56%;7,92%;9,00%;9,36%;10,09%
CHEVROLET VIVA;5,64%;6,57%;6,93%;7,30%;7,66%;8,03%;9,12%;9,49%;10,22%
CHRYSLER;0;1 год;2 года;3 года;4 года;5 лет;6 лет;7 лет;8 лет
CHRYSLER 300C;6,27%;7,30%;7,71%;8,11%;8,52%;8,93%;10,14%;10,55%;11,36%
CHRYSLER 300M;6,27%;7,30%;7,71%;8,11%;8,52%;8,93%;10,14%;10,55%;11,36%
CHRYSLER GRAND VOYAGER;5,33%;6,20%;6,55%;6,89%;7,24%;7,58%;8,62%;8,96%;9,65%
CHRYSLER PACIFIC;5,33%;6,20%;6,55%;6,89%;7,24%;7,58%;8,62%;8,96%;9,65%
CHRYSLER PT CRUISER;6,27%;7,30%;7,71%;8,11%;8,52%;8,93%;10,14%;10,55%;11,36%
CHRYSLER SEBRING;6,27%;7,30%;7,71%;8,11%;8,52%;8,93%;10,14%;10,55%;11,36%
CHRYSLER VOYAGER;5,33%;6,20%;6,55%;6,89%;7,24%;7,58%;8,62%;8,96%;9,65%
CITROEN;0;1 год;2 года;3 года;4 года;5 лет;6 лет;7 лет;8 лет
CITROEN BERLINGO;6,54%;7,62%;8,04%;8,47%;8,89%;9,31%;10,58%;11,01%;11,85%
CITROEN C1;9,30%;10,82%;11,43%;12,03%;12,63%;13,23%;15,03%;15,63%;16,84%
CITROEN C2;11,57%;13,47%;14,22%;14,97%;15,71%;16,46%;18,71%;19,46%;20,95%
CITROEN C3;7,61%;8,86%;9,35%;9,84%;10,33%;10,83%;12,30%;12,80%;13,78%
CITROEN C4;8,51%;9,91%;10,46%;11,01%;11,56%;12,11%;13,77%;14,32%;15,42%
CITROEN C4 Picasso;5,33%;6,20%;6,55%;6,89%;7,24%;7,58%;8,62%;8,96%;9,65%
CITROEN C5;6,20%;7,22%;7,62%;8,02%;8,42%;8,82%;10,03%;10,43%;11,23%
CITROEN C6;5,44%;6,33%;6,69%;7,04%;7,39%;7,74%;8,80%;9,15%;9,85%
CITROEN C8;6,27%;7,30%;7,71%;8,11%;8,52%;8,93%;10,14%;10,55%;11,36%
CITROEN C-Crosser;5,91%;6,88%;7,27%;7,65%;8,03%;8,41%;9,56%;9,94%;10,71%
CITROEN DS3;6,98%;8,13%;8,58%;9,04%;9,49%;9,94%;11,29%;11,75%;12,65%
CITROEN DS4;6,41%;7,46%;7,88%;8,29%;8,70%;9,12%;10,36%;10,78%;11,61%
CITROEN Grand C4 Picasso;5,33%;6,20%;6,55%;6,89%;7,24%;7,58%;8,62%;8,96%;9,65%
CITROEN XSARA;5,33%;6,20%;6,55%;6,89%;7,24%;7,58%;8,62%;8,96%;9,65%
DAEWOO;0;1 год;2 года;3 года;4 года;5 лет;6 лет;7 лет;8 лет
DAEWOO MATIZ;12,30%;14,32%;15,11%;15,91%;16,70%;17,50%;19,88%;20,68%;22,27%
DAEWOO NEXIA;9,10%;10,59%;11,18%;11,77%;12,36%;12,94%;14,71%;15,30%;16,48%
DODGE;0;1 год;2 года;3 года;4 года;5 лет;6 лет;7 лет;8 лет
DODGE CALIBER;6,12%;7,13%;7,52%;7,92%;8,31%;8,71%;9,90%;10,29%;11,08%
DODGE GRAND CARAVAN;5,33%;6,20%;6,55%;6,89%;7,24%;7,58%;8,62%;8,96%;9,65%
DODGE JOURNEY;5,33%;6,20%;6,55%;6,89%;7,24%;7,58%;8,62%;8,96%;9,65%
DODGE NITRO;5,64%;6,57%;6,93%;7,30%;7,66%;8,03%;9,12%;9,49%;10,22%
DODGE STRATUS;6,27%;7,30%;7,71%;8,11%;8,52%;8,93%;10,14%;10,55%;11,36%
DODGE RAM;5,64%;6,57%;6,93%;7,30%;7,66%;8,03%;9,12%;9,49%;10,22%
FIAT;0;1 год;2 года;3 года;4 года;5 лет;6 лет;7 лет;8 лет
FIAT ALBEA;8,88%;10,34%;10,91%;11,49%;12,06%;12,64%;14,36%;14,94%;16,08%
FIAT BRAVO;7,62%;8,87%;9,36%;9,85%;10,35%;10,84%;12,32%;12,81%;13,79%
FIAT DOBLO;7,38%;8,59%;9,07%;9,54%;10,02%;10,50%;11,93%;12,41%;13,36%
FIAT GRANDE PUNTO;9,21%;10,72%;11,32%;11,91%;12,51%;13,10%;14,89%;15,49%;16,68%
FIAT LINEA;6,56%;7,64%;8,06%;8,49%;8,91%;9,34%;10,61%;11,03%;11,88%
FIAT PANDA;8,71%;10,14%;10,71%;11,27%;11,83%;12,40%;14,09%;14,65%;15,78%
FORD;0;1 год;2 года;3 года;4 года;5 лет;6 лет;7 лет;8 лет
FORD C-MAX;6,19%;7,21%;7,61%;8,01%;8,41%;8,81%;10,01%;10,41%;11,22%
FORD EXCURSION;5,64%;6,57%;6,93%;7,30%;7,66%;8,03%;9,12%;9,49%;10,22%
FORD EXPEDITION;5,33%;6,20%;6,55%;6,89%;7,24%;7,58%;8,62%;8,96%;9,65%
FORD EXPLORER;5,64%;6,57%;6,93%;7,30%;7,66%;8,03%;9,12%;9,49%;10,22%
FORD ESCAPE;4,83%;5,63%;5,94%;6,25%;6,56%;6,88%;7,81%;8,13%;8,75%
FORD FIESTA;8,50%;9,89%;10,44%;10,99%;11,54%;12,09%;13,74%;14,29%;15,39%
FORD FOCUS;7,79%;9,07%;9,58%;10,08%;10,58%;11,09%;12,60%;13,11%;14,11%
FORD FUSION;7,94%;9,25%;9,76%;10,28%;10,79%;11,31%;12,85%;13,36%;14,39%
FORD GALAXY;5,33%;6,20%;6,55%;6,89%;7,24%;7,58%;8,62%;8,96%;9,65%
FORD KUGA;5,72%;6,66%;7,03%;7,40%;7,77%;8,14%;9,25%;9,62%;10,36%
FORD MAVERICK;5,64%;6,57%;6,93%;7,30%;7,66%;8,03%;9,12%;9,49%;10,22%
FORD MONDEO;5,62%;6,54%;6,90%;7,27%;7,63%;7,99%;9,08%;9,45%;10,17%
FORD RANGER;5,33%;6,20%;6,55%;6,89%;7,24%;7,58%;8,62%;8,96%;9,65%
FORD S-MAX;5,80%;6,75%;7,13%;7,50%;7,88%;8,25%;9,38%;9,75%;10,51%
FORD TOURNEO;5,33%;6,20%;6,55%;6,89%;7,24%;7,58%;8,62%;8,96%;9,65%
FORD TRANSIT;5,33%;6,20%;6,55%;6,89%;7,24%;7,58%;8,62%;8,96%;9,65%
GEELY;0;1 год;2 года;3 года;4 года;5 лет;6 лет;7 лет;8 лет
GEELY другая;6,27%;7,30%;7,71%;8,11%;8,52%;8,93%;10,14%;10,55%;11,36%
GREAT;0;1 год;2 года;3 года;4 года;5 лет;6 лет;7 лет;8 лет
GREAT WALL;0;1 год;2 года;3 года;4 года;5 лет;6 лет;7 лет;8 лет
GREAT WALL HOVER H3;6,27%;7,30%;7,71%;8,11%;8,52%;8,93%;10,14%;10,55%;11,36%
GREAT WALL HOVER H5;6,27%;7,30%;7,71%;8,11%;8,52%;8,93%;10,14%;10,55%;11,36%
GREAT WALL HOVER H6;6,27%;7,30%;7,71%;8,11%;8,52%;8,93%;10,14%;10,55%;11,36%
GREAT WALL WINGLE;7,64%;8,90%;9,39%;9,88%;10,38%;10,87%;12,36%;12,85%;13,84%
GREAT WALL другая;6,27%;7,30%;7,71%;8,11%;8,52%;8,93%;10,14%;10,55%;11,36%
HONDA;0;1 год;2 года;3 года;4 года;5 лет;6 лет;7 лет;8 лет
HONDA ACCORD;9,36%;10,90%;11,50%;12,11%;12,71%;13,32%;15,14%;15,74%;16,95%
HONDA CIVIC 4D;10,39%;12,10%;12,77%;13,44%;14,12%;14,79%;16,81%;17,48%;18,82%
HONDA CIVIC 5D;10,39%;12,10%;12,77%;13,44%;14,12%;14,79%;16,81%;17,48%;18,82%
HONDA CROSSTOUR;5,86%;6,82%;7,20%;7,58%;7,96%;8,33%;9,47%;9,85%;10,61%
HONDA CR-V;7,42%;8,64%;9,12%;9,60%;10,09%;10,57%;12,01%;12,49%;13,45%
HONDA ELEMENT;5,33%;6,20%;6,55%;6,89%;7,24%;7,58%;8,62%;8,96%;9,65%
HONDA HR-V;5,64%;6,57%;6,93%;7,30%;7,66%;8,03%;9,12%;9,49%;10,22%
HONDA JAZZ;11,17%;13,00%;13,73%;14,45%;15,17%;15,89%;18,06%;18,78%;20,23%
HONDA LEGEND;8,37%;9,74%;10,28%;10,83%;11,37%;11,91%;13,53%;14,07%;15,16%
HONDA PILOT;4,90%;5,70%;6,02%;6,33%;6,65%;6,97%;7,92%;8,23%;8,87%
HUMMER;0;1 год;2 года;3 года;4 года;5 лет;6 лет;7 лет;8 лет
HUMMER H2;5,64%;6,57%;6,93%;7,30%;7,66%;8,03%;9,12%;9,49%;10,22%
HUMMER H3;5,30%;6,17%;6,51%;6,85%;7,19%;7,54%;8,56%;8,91%;9,59%
HYUNDAI;0;1 год;2 года;3 года;4 года;5 лет;6 лет;7 лет;8 лет
HYUNDAI ACCENT;8,58%;9,99%;10,55%;11,11%;11,66%;12,22%;13,88%;14,44%;15,55%
HYUNDAI COUPE;6,27%;7,30%;7,71%;8,11%;8,52%;8,93%;10,14%;10,55%;11,36%
HYUNDAI ELANTRA;6,14%;7,15%;7,55%;7,95%;8,35%;8,74%;9,94%;10,33%;11,13%
HYUNDAI EQUUS;4,64%;5,40%;5,70%;6,00%;6,30%;6,60%;7,50%;7,80%;8,40%
HYUNDAI GALLOPER;5,33%;6,20%;6,55%;6,89%;7,24%;7,58%;8,62%;8,96%;9,65%
HYUNDAI GENESIS;4,76%;5,54%;5,85%;6,16%;6,47%;6,77%;7,70%;8,01%;8,62%
HYUNDAI GETZ;7,74%;9,02%;9,52%;10,02%;10,52%;11,02%;12,52%;13,02%;14,03%
HYUNDAI GRANDEUR;5,33%;6,20%;6,55%;6,89%;7,24%;7,58%;8,62%;8,96%;9,65%
HYUNDAI I20;6,71%;7,82%;8,25%;8,68%;9,12%;9,55%;10,85%;11,29%;12,16%
HYUNDAI I30;6,23%;7,26%;7,66%;8,06%;8,47%;8,87%;10,08%;10,48%;11,29%
HYUNDAI IX35;4,24%;4,94%;5,21%;5,49%;5,76%;6,03%;6,86%;7,13%;7,68%
HYUNDAI IX55;4,29%;4,99%;5,27%;5,55%;5,82%;6,10%;6,93%;7,21%;7,77%
HYUNDAI MATRIX;5,33%;6,20%;6,55%;6,89%;7,24%;7,58%;8,62%;8,96%;9,65%
HYUNDAI NF;6,01%;7,00%;7,38%;7,77%;8,16%;8,55%;9,72%;10,10%;10,88%
HYUNDAI SANTA FE;4,21%;4,90%;5,17%;5,44%;5,72%;5,99%;6,81%;7,08%;7,62%
HYUNDAI SOLARIS;6,14%;7,15%;7,55%;7,95%;8,35%;8,74%;9,94%;10,33%;11,13%
HYUNDAI SONATA;6,01%;7,00%;7,38%;7,77%;8,16%;8,55%;9,72%;10,10%;10,88%
HYUNDAI STAREX;5,33%;6,20%;6,55%;6,89%;7,24%;7,58%;8,62%;8,96%;9,65%
HYUNDAI TERRACAN;5,64%;6,57%;6,93%;7,30%;7,66%;8,03%;9,12%;9,49%;10,22%
HYUNDAI TRAJET;5,33%;6,20%;6,55%;0,89%;7,24%;7,58%;8,62%;8,96%;9,65%
HYUNDAI TUCSON;5,64%;6,57%;6,93%;7,30%;7,66%;8,03%;9,12%;9,49%;10,22%
HYUNDAI VERNA;6,71%;7,82%;8,25%;8,68%;9,12%;9,55%;10,85%;11,29%;12,16%
INFINITI;0;1 год;2 года;3 года;4 года;5 лет;6 лет;7 лет;8 лет
INFINITI EX;5,58%;6,49%;6,85%;7,21%;7,57%;7,94%;9,02%;9,38%;10,10%
INFINITI FX;5,48%;6,38%;6,74%;7,09%;7,44%;7,80%;8,86%;9,22%;9,93%
INFINITI G;5,47%;6,37%;6,73%;7,08%;7,43%;7,79%;8,85%;9,20%;9,91%
INFINITI M;5,02%;5,85%;6,17%;6,50%;6,82%;7,15%;8,12%;8,45%;9,10%
INFINITI QX;4,16%;4,84%;5,11%;5,38%;5,65%;5,92%;6,73%;7,00%;7,53%
ISUZU;0;1 год;2 года;3 года;4 года;5 лет;6 лет;7 лет;8 лет
ISUZU все модели;5,64%;6,57%;6,93%;7,30%;7,66%;8,03%;9,12%;9,49%;10,22%
JEEP;0;1 год;2 года;3 года;4 года;5 лет;6 лет;7 лет;8 лет
JEEP CHEROKEE;5,64%;6,57%;6,93%;7,30%;7,66%;8,03%;9,12%;9,49%;10,22%
JEEP COMMANDER;5,64%;6,57%;6,93%;7,30%;7,66%;8,03%;9,12%;9,49%;10,22%
JEEP COMPASS;5,64%;6,57%;6,93%;7,30%;7,66%;8,03%;9,12%;9,49%;10,22%
JEEP GRAND CHEROKEE;4,66%;5,42%;5,72%;6,02%;6,32%;6,63%;7,53%;7,83%;8,43%
JEEP LIBERTY;5,64%;6,57%;6,93%;7,30%;7,66%;8,03%;9,12%;9,49%;10,22%
JEEP WRANGLER;5,64%;6,57%;6,93%;7,30%;7,66%;8,03%;9,12%;9,49%;10,22%
KIA;0;1 год;2 года;3 года;4 года;5 лет;6 лет;7 лет;8 лет
KIA CARENS;5,71%;6,65%;7,02%;7,39%;7,76%;8,13%;9,24%;9,61%;10,35%
KIA CARNIVAL;5,33%;6,20%;6,55%;6,89%;7,24%;7,58%;8,62%;8,96%;9,65%
KIA CEE'D;5,96%;6,94%;7,33%;7,71%;8,10%;8,48%;9,64%;10,02%;10,80%
KIA CEE'D SW;5,96%;6,94%;7,33%;7,71%;8,10%;8,48%;9,64%;10,02%;10,80%
KIA CERATO;6,56%;7,64%;8,06%;8,49%;8,91%;9,34%;10,61%;11,03%;11,88%
KIA CLARUS;6,27%;7,30%;7,71%;8,11%;8,52%;8,93%;10,14%;10,55%;11,36%
KIA MAGENTIS;6,29%;7,32%;7,73%;8,14%;8,54%;8,95%;10,17%;10,58%;11,39%
KIA MOHAVE;3,66%;4,26%;4,49%;4,73%;4,97%;5,20%;5,91%;6,15%;6,62%
KIA OPIRUS;5,90%;6,87%;7,25%;7,63%;8,01%;8,39%;9,53%;9,92%;10,68%
KIA OPTIMA;5,62%;6,54%;6,90%;7,27%;7,63%;7,99%;9,08%;9,45%;10,17%
KIA PICANTO;7,30%;8,50%;8,97%;9,44%;9,91%;10,38%;11,80%;12,27%;13,21%
KIA PRO CEE'D;6,72%;7,82%;8,26%;8,69%;9,13%;9,56%;10,87%;11,30%;12,17%
KIA RIO;7,44%;8,66%;9,14%;9,63%;10,11%;10,59%;12,03%;12,51%;13,48%
KIA SEFIA;6,27%;7,30%;7,71%;8,11%;8,52%;8,93%;10,14%;10,55%;11,36%
KIA SHUMA;6,27%;7,30%;7,71%;8,11%;8,52%;8,93%;10,14%;10,55%;11,36%
KIA SORENTO;4,64%;5,40%;5,70%;6,00%;6,30%;6,60%;7,50%;7,80%;8,40%
KIA SOUL;5,61%;6,53%;6,89%;7,26%;7,62%;7,98%;9,07%;9,43%;10,16%
KIA SPECTRA;6,27%;7,30%;7,71%;8,11%;8,52%;8,93%;10,14%;10,55%;11,36%
KIA SPORTAGE;4,54%;5,29%;5,58%;5,88%;6,17%;6,47%;7,35%;7,64%;8,23%
KIA VENGA;6,22%;7,25%;7,65%;8,05%;8,45%;8,86%;10,07%;10,47%;11,27%
LAND ROVER;0;1 год;2 года;3 года;4 года;5 лет;6 лет;7 лет;8 лет
LAND ROVER DEFENDER;5,64%;6,57%;6,93%;7,30%;7,66%;8,03%;9,12%;9,49%;10,22%
LAND ROVER DISCOVERY;3,91%;4,56%;4,81%;5,06%;5,31%;5,57%;6,33%;6,58%;7,09%
LAND ROVER FREELANDER;4,90%;5,71%;6,03%;6,34%;6,66%;6,98%;7,93%;8,25%;8,88%
LAND ROVER RANGE ROVER;3,58%;4,16%;4,40%;4,63%;4,86%;5,09%;5,78%;6,01%;6,48%
LAND ROVER RANGE ROVER EVOQUE;3,70%;4,31%;4,55%;4,79%;5,03%;5,27%;5,99%;6,23%;6,71%
LEXUS;0;1 год;2 года;3 года;4 года;5 лет;6 лет;7 лет;8 лет
LEXUS CT;7,62%;8,88%;9,37%;9,86%;10,36%;10,85%;12,33%;12,82%;13,81%
LEXUS ES;6,66%;7,76%;8,19%;8,62%;9,05%;9,48%;10,78%;11,21%;12,07%
LEXUS IS;7,22%;8,40%;8,87%;9,34%;9,80%;10,27%;11,67%;12,14%;13,07%
MAZDA;0;1 год;2 года;3 года;4 года;5 лет;6 лет;7 лет;8 лет
MAZDA 2;9,88%;11,50%;12,14%;12,78%;13,42%;14,06%;15,98%;16,62%;17,90%
MAZDA 3;10,66%;12,42%;13,11%;13,80%;14,49%;15,18%;17,25%;17,94%;19,32%
MAZDA 5;5,68%;6,61%;6,98%;7,35%;7,72%;8,08%;9,19%;9,55%;10,29%
MAZDA 6;8,93%;10,40%;10,97%;11,55%;12,13%;12,71%;14,44%;15,02%;16,17%
MAZDA B2500;5,33%;6,20%;6,55%;6,89%;7,24%;7,58%;8,62%;8,96%;9,65%
MAZDA BT-50;5,33%;6,20%;6,55%;6,89%;7,24%;7,58%;8,62%;8,96%;9,65%
MAZDA CX-5;5,57%;6,48%;6,84%;7,20%;7,56%;7,92%;9,00%;9,36%;10,09%
MAZDA CX-7;5,40%;6,29%;6,64%;6,99%;7,34%;7,68%;8,73%;9,08%;9,78%
MAZDA CX-9;5,33%;6,20%;6,55%;6,89%;7,24%;7,58%;8,62%;8,96%;9,65%
MAZDA MPV;5,33%;6,20%;6,55%;6,89%;7,24%;7,58%;8,62%;8,96%;9,65%
MAZDA MX-5;5,33%;6,20%;6,55%;6,89%;7,24%;7,58%;8,62%;8,96%;9,65%
MAZDA PREMACY;5,33%;6,20%;6,55%;6,89%;7,24%;7,58%;8,62%;8,96%;9,65%
MAZDA TRIBUTE;5,33%;6,20%;6,55%;6,89%;7,24%;7,58%;8,62%;8,96%;9,65%
MERCEDES-BENZ;0;1 год;2 года;3 года;4 года;5 лет;6 лет;7 лет;8 лет
MERCEDES-BENZ A-Classe;6,98%;8,13%;8,58%;9,04%;9,49%;9,94%;11,29%;11,75%;12,65%
MERCEDES-BENZ B-Classe;6,41%;7,46%;7,88%;8,29%;8,70%;9,12%;10,36%;10,78%;11,61%
MERCEDES-BENZ C-Classe;5,23%;6,09%;6,43%;6,77%;7,11%;7,45%;8,46%;8,80%;9,48%
MERCEDES-BENZ E-Classe;4,39%;5,11%;5,40%;5,68%;5,97%;6,25%;7,10%;7,39%;7,96%
MERCEDES-BENZ GL;3,81%;4,43%;4,68%;4,93%;5,17%;5,42%;6,16%;6,40%;6,90%
MERCEDES-BENZ GLK;4,49%;5,23%;5,52%;5,81%;6,10%;6,39%;7,26%;7,55%;8,13%
MERCEDES-BENZ M-Classe;4,08%;4,75%;5,01%;5,28%;5,54%;5,81%;6,60%;6,86%;7,39%
MERCEDES-BENZ SPRINTER;5,33%;6,20%;6,55%;6,89%;7,24%;7,58%;8,62%;8,96%;9,65%
MERCEDES-BENZ VIANO;4,87%;5,67%;5,99%;6,30%;6,62%;6,93%;7,88%;8,19%;8,82%
MERCEDES-BENZ VITO;5,33%;6,20%;6,55%;6,89%;7,24%;7,58%;8,62%;8,96%;9,65%
MINI;0;1 год;2 года;3 года;4 года;5 лет;6 лет;7 лет;8 лет
MINI CLUBMAN;6,41%;7,46%;7,88%;8,29%;8,70%;9,12%;10,36%;10,78%;11,61%
MINI COOPER;6,98%;8,13%;8,58%;9,04%;9,49%;9,94%;11,29%;11,75%;12,65%
MINI COUNTRYMAN;6,41%;7,46%;7,88%;8,29%;8,70%;9,12%;10,36%;10,78%;11,61%
MITSUBISHI;0;1 год;2 года;3 года;4 года;5 лет;6 лет;7 лет;8 лет
MITSUBISHI ASX;7,10%;8,27%;8,73%;9,19%;9,65%;10,11%;11,49%;11,95%;12,87%
MITSUBISHI CARISMA;6,27%;7,30%;7,71%;8,11%;8,52%;8,93%;10,14%;10,55%;11,36%
MITSUBISHI COLT;9,93%;11,56%;12,20%;12,84%;13,49%;14,13%;16,06%;16,70%;17,98%
MITSUBISHI GALANT;6,27%;7,30%;7,71%;8,11%;8,52%;8,93%;10,14%;10,55%;11,36%
MITSUBISHI GRANDIS;5,65%;6,58%;6,94%;7,31%;7,67%;8,04%;9,13%;9,50%;10,23%
MITSUBISHI L200;5,66%;6,60%;6,96%;7,33%;7,69%;8,06%;9,16%;9,53%;10,26%
MITSUBISHI LANCER;11,91%;13,87%;14,64%;15,41%;16,18%;16,95%;19,26%;20,03%;21,58%
MITSUBISHI MIRAGE;6,27%;7,30%;7,71%;8,11%;8,52%;8,93%;10,14%;10,55%;11,36%
MITSUBISHI MONTERO;5,64%;6,57%;6,93%;7,30%;7,66%;8,03%;9,12%;9,49%;10,22%
MITSUBISHI OUTLANDER;6,11%;7,12%;7,51%;7,91%;8,30%;8,70%;9,88%;10,28%;11,07%
MITSUBISHI OUTLANDER XL;6,68%;7,78%;8,21%;8,64%;9,07%;9,51%;10,80%;11,23%;12,10%
MITSUBISHI PAJERO;5,47%;6,37%;6,73%;7,08%;7,43%;7,79%;8,85%;9,20%;9,91%
MITSUBISHI PAJERO SPORT;6,13%;7,14%;7,53%;7,93%;8,32%;8,72%;9,91%;10,31%;11,10%
NISSAN;0;1 год;2 года;3 года;4 года;5 лет;6 лет;7 лет;8 лет
NISSAN ALMERA;11,30%;13,15%;13,88%;14,61%;15,34%;16,08%;18,27%;19,00%;20,46%
NISSAN ARMADA;4,70%;5,48%;5,78%;6,09%;6,39%;6,69%;7,61%;7,91%;8,52%
NISSAN JUKE;6,58%;7,67%;8,09%;8,52%;8,94%;9,37%;10,65%;11,07%;11,93%
NISSAN MAXIMA;8,38%;9,76%;10,30%;10,85%;11,39%;11,93%;13,56%;14,10%;15,19%
NISSAN MICRA;11,38%;13,25%;13,98%;14,72%;15,45%;16,19%;18,40%;19,13%;20,60%
NISSAN MURANO;5,02%;5,84%;6,16%;6,49%;6,81%;7,14%;8,11%;8,44%;9,09%
NISSAN NAVARA;5,64%;6,57%;6,93%;7,30%;7,66%;8,03%;9,12%;9,49%;10,22%
NISSAN NOTE;8,30%;9,67%;10,21%;10,74%;11,28%;11,82%;13,43%;13,97%;15,04%
NISSAN NP 300;6,21%;7,23%;7,63%;8,03%;8,43%;8,83%;10,04%;10,44%;11,24%
NISSAN PATHFINDER;5,14%;5,99%;6,32%;6,66%;6,99%;7,32%;8,32%;8,65%;9,32%
NISSAN PATROL;4,70%;5,48%;5,78%;6,09%;6,39%;6,69%;7,61%;7,91%;8,52%
NISSAN PRIMERA;6,27%;7,30%;7,71%;8,11%;8,52%;8,93%;10,14%;10,55%;11,36%
NISSAN QASHQAI;5,63%;6,56%;6,92%;7,29%;7,65%;8,02%;9,11%;9,47%;10,20%
NISSAN QASHQAI+2;5,89%;6,86%;7,24%;7,62%;8,00%;8,38%;9,52%;9,90%;10,66%
NISSAN TEANA (фр. 9 000 р.);7,96%;9,27%;9,78%;10,30%;10,81%;11,33%;12,87%;13,39%;14,42%
NISSAN TERRANO;5,64%;6,57%;6,93%;7,30%;7,66%;8,03%;9,12%;9,49%;10,22%
NISSAN TIIDA;8,81%;10,26%;10,83%;11,40%;11,97%;12,53%;14,24%;14,81%;15,95%
NISSAN TITAN;5,64%;6,57%;6,93%;7,30%;7,66%;8,03%;9,12%;9,49%;10,22%
NISSAN X-TRAIL;5,38%;6,26%;6,61%;6,96%;7,30%;7,65%;8,69%;9,04%;9,74%
OPEL;0;1 год;2 года;3 года;4 года;5 лет;6 лет;7 лет;8 лет
OPEL ANTARA;5,48%;6,38%;6,74%;7,09%;7,44%;7,80%;8,86%;9,22%;9,93%
OPEL ASTRA;6,85%;7,97%;8,42%;8,86%;9,30%;9,75%;11,07%;11,52%;12,40%
OPEL COMBO;5,33%;6,20%;6,55%;6,89%;7,24%;7,58%;8,62%;8,96%;9,65%
OPEL CORSA;9,02%;10,51%;11,09%;11,67%;12,26%;12,84%;14,59%;15,18%;16,34%
OPEL INSIGNIA;6,04%;7,03%;7,42%;7,81%;8,20%;8,60%;9,77%;10,16%;10,94%
OPEL MERIVA;6,29%;7,32%;7,73%;8,14%;8,54%;8,95%;10,17%;10,58%;11,39%
OPEL SIGNUM;6,58%;7,67%;8,09%;8,52%;8,94%;9,37%;10,65%;11,07%;11,93%
OPEL TIGRA;6,27%;7,30%;7,71%;8,11%;8,52%;8,93%;10,14%;10,55%;11,36%
OPEL VECTRA;6,27%;7,30%;7,71%;8,11%;8,52%;8,93%;10,14%;10,55%;11,36%
OPEL ZAFIRA;6,27%;7,30%;7,71%;8,11%;8,52%;8,93%;10,14%;10,55%;11,36%
PEUGEOT;0;1 год;2 года;3 года;4 года;5 лет;6 лет;7 лет;8 лет
PEUGEOT 1007;9,02%;10,51%;11,09%;11,67%;12,26%;12,84%;14,59%;15,18%;16,34%
PEUGEOT 106;9,02%;10,51%;11,09%;11,67%;12,26%;12,84%;14,59%;15,18%;16,34%
PEUGEOT 107;9,42%;10,96%;11,57%;12,18%;12,79%;13,40%;15,23%;15,84%;17,05%
PEUGEOT 206;7,84%;9,13%;9,64%;10,14%;10,65%;11,16%;12,68%;13,19%;14,20%
PEUGEOT 207;7,84%;9,13%;9,64%;10,14%;10,65%;11,16%;12,68%;13,19%;14,20%
PEUGEOT 3008;6,78%;7,89%;8,33%;8,77%;9,20%;9,64%;10,96%;11,40%;12,27%
PEUGEOT 306;7,31%;8,51%;8,99%;9,46%;9,93%;10,41%;11,82%;12,30%;13,24%
PEUGEOT 307;7,31%;8,51%;8,99%;9,46%;9,93%;10,41%;11,82%;12,30%;13,24%
PEUGEOT 308;7,31%;8,51%;8,99%;9,46%;9,93%;10,41%;11,82%;12,30%;13,24%
PEUGEOT 4007;6,78%;7,89%;8,33%;8,77%;9,20%;9,64%;10,96%;11,40%;12,27%
PEUGEOT 406;7,21%;8,39%;8,86%;9,33%;9,79%;10,26%;11,66%;12,12%;13,06%
PEUGEOT 407;7,21%;8,39%;8,86%;9,33%;9,79%;10,26%;11,66%;12,12%;13,06%
PEUGEOT 508;7,21%;8,39%;8,86%;9,33%;9,79%;10,26%;11,66%;12,12%;13,06%
PEUGEOT 607;7,21%;8,39%;8,86%;9,33%;9,79%;10,26%;11,66%;12,12%;13,06%
PEUGEOT 807;5,33%;6,20%;6,55%;6,89%;7,24%;7,58%;8,62%;8,96%;9,65%
PEUGEOT BOXER;5,33%;6,20%;6,55%;6,89%;7,24%;7,58%;8,62%;8,96%;9,65%
PEUGEOT PARTNER;5,33%;6,20%;6,55%;6,89%;7,24%;7,58%;8,62%;8,96%;9,65%
PONTIAC;0;1 год;2 года;3 года;4 года;5 лет;6 лет;7 лет;8 лет
PONTIAC VIBE;5,64%;6,57%;6,93%;7,30%;7,66%;8,03%;9,12%;9,49%;10,22%
RENAULT;0;1 год;2 года;3 года;4 года;5 лет;6 лет;7 лет;8 лет
RENAULT CLIO;8,47%;9,86%;10,41%;10,96%;11,51%;12,06%;13,70%;14,25%;15,34%
RENAULT DUSTER;5,33%;6,20%;6,55%;6,89%;7,24%;7,58%;8,62%;8,96%;9,65%
RENAULT ESPACE;5,33%;6,20%;6,55%;6,89%;7,24%;7,58%;8,62%;8,96%;9,65%
RENAULT FLUENCE;7,72%;8,99%;9,49%;9,99%;10,49%;10,99%;12,48%;12,98%;13,98%
RENAULT GRAND SCENIC;5,33%;6,20%;6,55%;6,89%;7,24%;7,58%;8,62%;8,96%;9,65%
RENAULT KANGOO;5,33%;6,20%;6,55%;6,89%;7,24%;7,58%;8,62%;8,96%;9,65%
RENAULT KOLEOS;5,33%;6,20%;6,55%;6,89%;7,24%;7,58%;8,62%;8,96%;9,65%
RENAULT LAGUNA;6,35%;7,40%;7,81%;8,22%;8,63%;9,04%;10,27%;10,68%;11,51%
RENAULT LATITUDE;6,27%;7,30%;7,71%;8,11%;8,52%;8,93%;10,14%;10,55%;11,36%
RENAULT LOGAN;9,28%;10,81%;11,41%;12,01%;12,61%;13,21%;15,01%;15,61%;16,81%
RENAULT MEGANE;7,84%;9,13%;9,64%;10,14%;10,65%;11,16%;12,68%;13,19%;14,20%
RENAULT MODUS;5,64%;6,57%;6,93%;7,30%;7,66%;8,03%;9,12%;9,49%;10,22%
RENAULT SANDERO;8,98%;10,46%;11,04%;11,62%;12,20%;12,79%;14,53%;15,11%;16,27%
RENAULT SCENIC;5,52%;6,43%;6,78%;7,14%;7,50%;7,86%;8,93%;9,28%;10,00%
RENAULT SR (hatchback);8,98%;10,46%;11,04%;11,62%;12,20%;12,79%;14,53%;15,11%;16,27%
RENAULT SR (sedan);7,54%;8,77%;9,26%;9,75%;10,24%;10,72%;12,19%;12,67%;13,65%
RENAULT SYMBOL;8,42%;9,81%;10,35%;10,90%;11,44%;11,99%;13,62%;14,17%;15,26%
RENAULT VEL SATIS;6,27%;7,30%;7,71%;8,11%;8,52%;8,93%;10,14%;10,55%;11,36%
ROVER;0;1 год;2 года;3 года;4 года;5 лет;6 лет;7 лет;8 лет
ROVER 75;6,27%;7,30%;7,71%;8,11%;8,52%;8,93%;10,14%;10,55%;11,36%
SAAB;0;1 год;2 года;3 года;4 года;5 лет;6 лет;7 лет;8 лет
SAAB 9-3;6,27%;7,30%;7,71%;8,11%;8,52%;8,93%;10,14%;10,55%;11,36%
SAAB 9-5;6,27%;7,30%;7,71%;8,11%;8,52%;8,93%;10,14%;10,55%;11,36%
SKODA;0;1 год;2 года;3 года;4 года;5 лет;6 лет;7 лет;8 лет
SKODA FABIA;8,55%;9,96%;10,51%;11,06%;11,62%;12,17%;13,83%;14,38%;15,49%
SKODA OCTAVIA;5,35%;6,23%;6,58%;6,92%;7,27%;7,62%;8,66%;9,00%;9,69%
SKODA ROOMSTER;6,57%;7,65%;8,07%;8,50%;8,92%;9,35%;10,62%;11,05%;11,90%
SKODA SUPERB;5,47%;6,37%;6,73%;7,08%;7,43%;7,79%;8,85%;9,20%;9,91%
SKODA YETI;5,30%;6,18%;6,52%;6,86%;7,21%;7,55%;8,58%;8,92%;9,61%
SSANGYONG;0;1 год;2 года;3 года;4 года;5 лет;6 лет;7 лет;8 лет
SSANGYONG ACTYON;5,30%;6,17%;6,51%;6,85%;7,19%;7,54%;8,56%;8,91%;9,59%
SSANGYONG KYRON;5,42%;6,31%;6,66%;7,01%;7,36%;7,71%;8,76%;9,11%;9,81%
SSANGYONG MUSSO;5,64%;6,57%;6,93%;7,30%;7,66%;8,03%;9,12%;9,49%;10,22%
SSANGYONG REXTON;5,78%;6,73%;7,11%;7,48%;7,86%;8,23%;9,35%;9,73%;10,48%
SSANGYONG RODIUS;6,90%;8,04%;8,49%;8,93%;9,38%;9,83%;11,17%;11,61%;12,50%
SUBARU;0;1 год;2 года;3 года;4 года;5 лет;6 лет;7 лет;8 лет
SUBARU FORESTER;8,11%;9,45%;9,97%;10,49%;11,02%;11,54%;13,12%;13,64%;14,69%
SUBARU IMPREZA;10,66%;12,42%;13,11%;13,80%;14,49%;15,18%;17,25%;17,94%;19,32%
SUBARU LEGACY;8,22%;9,58%;10,11%;10,64%;11,17%;11,70%;13,30%;13,83%;14,90%
SUBARU OUTBACK;7,23%;8,42%;8,89%;9,36%;9,82%;10,29%;11,70%;12,16%;13,10%
SUBARU TRIBECA;5,87%;6,84%;7,22%;7,60%;7,98%;8,36%;9,50%;9,88%;10,64%
SUZUKI;0;1 год;2 года;3 года;4 года;5 лет;6 лет;7 лет;8 лет
SUZUKI GRAND VITARA;6,48%;7,55%;7,96%;8,38%;8,80%;9,22%;10,48%;10,90%;11,74%
SUZUKI IGNIS;8,05%;9,37%;9,89%;10,41%;10,93%;11,45%;13,02%;13,54%;14,58%
SUZUKI JIMNY;8,68%;10,11%;10,67%;11,23%;11,79%;12,35%;14,04%;14,60%;15,72%
SUZUKI KIZASHI;6,76%;7,87%;8,31%;8,75%;9,18%;9,62%;10,93%;11,37%;12,24%
SUZUKI LIANA;8,05%;9,37%;9,89%;10,41%;10,93%;11,45%;13,02%;13,54%;14,58%
SUZUKI SPLASH;9,86%;11,49%;12,12%;12,76%;13,40%;14,04%;15,95%;16,59%;17,87%
SUZUKI SWIFT;9,38%;10,93%;11,53%;12,14%;12,75%;13,35%;15,18%;15,78%;17,00%
SUZUKI SX4;7,79%;9,07%;9,58%;10,08%;10,58%;11,09%;12,60%;13,11%;14,11%
TAGAZ;0;1 год;2 года;3 года;4 года;5 лет;6 лет;7 лет;8 лет
TAGAZ ACCENT;6,27%;7,30%;7,71%;8,11%;8,52%;8,93%;10,14%;10,55%;11,36%
TAGAZ ESTINA;6,27%;7,30%;7,71%;8,11%;8,52%;8,93%;10,14%;10,55%;11,36%
TAGAZ ROAD PARTNER;5,64%;6,57%;6,93%;7,30%;7,66%;8,03%;9,12%;9,49%;10,22%
TAGAZ SANTA FE CLASSIC;5,64%;6,57%;6,93%;7,30%;7,66%;8,03%;9,12%;9,49%;10,22%
TAGAZ SONATA;6,27%;7,30%;7,71%;8,11%;8,52%;8,93%;10,14%;10,55%;11,36%
TAGAZ TAGER;5,64%;6,57%;6,93%;7,30%;7,66%;8,03%;9,12%;9,49%;10,22%
TAGAZ TIGGO;5,64%;6,57%;6,93%;7,30%;7,66%;8,03%;9,12%;9,49%;10,22%
TAGAZ VEGA;6,27%;7,30%;7,71%;8,11%;8,52%;8,93%;10,14%;10,55%;11,36%
TOYOTA;0;1 год;2 года;3 года;4 года;5 лет;6 лет;7 лет;8 лет
TOYOTA AURIS;9,99%;11,63%;12,28%;12,93%;13,57%;14,22%;16,16%;16,81%;18,10%
TOYOTA AVENSIS;7,35%;8,56%;9,04%;9,51%;9,99%;10,46%;11,89%;12,37%;13,32%
TOYOTA CAMRY;8,36%;9,73%;10,27%;10,82%;11,36%;11,90%;13,52%;14,06%;15,14%
TOYOTA COROLLA;9,47%;11,03%;11,64%;12,25%;12,87%;13,48%;15,32%;15,93%;17,16%
TOYOTA HIGHLANDER;5,28%;6,15%;6,49%;6,83%;7,17%;7,51%;8,54%;8,88%;9,56%
TOYOTA IQ;8,23%;9,59%;10,12%;10,65%;11,18%;11,72%;13,31%;13,85%;14,91%
TOYOTA PRIUS;6,66%;7,76%;8,19%;8,62%;9,05%;9,48%;10,78%;11,21%;12,07%
TOYOTA RAV 4;5,98%;6,96%;7,34%;7,73%;8,12%;8,50%;9,66%;10,05%;10,82%
TOYOTA VERSO;7,79%;9,07%;9,58%;10,08%;10,58%;11,09%;12,60%;13,11%;14,11%
TOYOTA YARIS;7,94%;9,25%;9,76%;10,28%;10,79%;11,31%;12,85%;13,36%;14,39%
VOLKSWAGEN;0;1 год;2 года;3 года;4 года;5 лет;6 лет;7 лет;8 лет
VOLKSWAGEN AMAROK;5,35%;6,23%;6,58%;6,92%;7,27%;7,62%;8,66%;9,00%;9,69%
VOLKSWAGEN BEETLE;11,37%;13,24%;13,97%;14,71%;15,44%;16,18%;18,38%;19,12%;20,59%
VOLKSWAGEN CADDY;5,33%;6,20%;6,55%;6,89%;7,24%;7,58%;8,62%;8,96%;9,65%
VOLKSWAGEN CARAVELLE;5,33%;6,20%;6,55%;6,89%;7,24%;7,58%;8,62%;8,96%;9,65%
VOLKSWAGEN EOS;7,18%;8,36%;8,83%;9,29%;9,76%;10,22%;11,62%;12,08%;13,01%
VOLKSWAGEN GOLF;6,94%;8,09%;8,53%;8,98%;9,43%;9,88%;11,23%;11,68%;12,58%
VOLKSWAGEN GOLF PLUS;6,30%;7,33%;7,74%;8,15%;8,55%;8,96%;10,18%;10,59%;11,40%
VOLKSWAGEN JETTA;6,56%;7,64%;8,06%;8,49%;8,91%;9,34%;10,61%;11,03%;11,88%
VOLKSWAGEN MULTIVAN;5,33%;6,20%;6,55%;6,89%;7,24%;7,58%;8,62%;8,96%;9,65%
VOLKSWAGEN PASSAT;5,85%;6,81%;7,19%;7,57%;7,94%;8,32%;9,46%;9,84%;10,59%
VOLKSWAGEN PHAETON;6,27%;7,30%;7,71%;8,11%;8,52%;8,93%;10,14%;10,55%;11,36%
VOLKSWAGEN POLO;7,46%;8,69%;9,17%;9,66%;10,14%;10,62%;12,07%;12,55%;13,52%
VOLKSWAGEN SCIROCCO;7,00%;8,15%;8,60%;9,06%;9,51%;9,96%;11,32%;11,77%;12,68%
VOLKSWAGEN SHARAN;5,33%;6,20%;6,55%;6,89%;7,24%;7,58%;8,62%;8,96%;9,65%
VOLKSWAGEN TIGUAN;5,11%;5,95%;6,28%;6,61%;6,94%;7,28%;8,27%;8,60%;9,26%
VOLKSWAGEN TOUAREG;4,18%;4,86%;5,13%;5,40%;5,67%;5,94%;6,75%;7,02%;7,56%
VOLKSWAGEN TOURAN;5,60%;6,52%;6,88%;7,25%;7,61%;7,97%;9,06%;9,42%;10,14%
VOLVO;0;1 год;2 года;3 года;4 года;5 лет;6 лет;7 лет;8 лет
VOLVO C30;8,35%;9,72%;10,27%;10,81%;11,35%;11,89%;13,51%;14,05%;15,13%
VOLVO C70;7,18%;8,36%;8,83%;9,29%;9,76%;10,22%;11,62%;12,08%;13,01%
VOLVO S40;6,77%;7,88%;8,32%;8,76%;9,19%;9,63%;10,95%;11,38%;12,26%
VOLVO S60;6,54%;7,62%;8,04%;8,47%;8,89%;9,31%;10,58%;11,01%;11,85%
VOLVO S80;5,40%;6,29%;6,64%;6,99%;7,34%;7,68%;8,73%;9,08%;9,78%
VOLVO V50;6,37%;7,41%;7,83%;8,24%;8,65%;9,06%;10,30%;10,71%;11,53%
VOLVO V70;5,36%;6,24%;6,59%;6,93%;7,28%;7,63%;8,67%;9,01%;9,71%
VOLVO XC60;4,80%;5,59%;5,90%;6,21%;6,52%;6,83%;7,76%;8,07%;8,69%
VOLVO XC70;4,81%;5,60%;5,91%;6,22%;6,53%;6,84%;7,78%;8,09%;8,71%
VOLVO XC90;4,68%;5,45%;5,75%;6,05%;6,36%;6,66%;7,57%;7,87%;8,48%
